"city","avg"
"Mumbai","1035.9983008274241"
"Kolkata","1039.50251830161"
"Bangalore","1040.8770787878777"
"Delhi","1033.986506825343"
"Chennai","1041.1271360469361"
